{
  "0": {
    "height": 60,
    "pixelRatio": 2,
    "width": 60,
    "x": 0,
    "y": 0
  },
  "135": {
    "height": 60,
    "pixelRatio": 2,
    "width": 60,
    "x": 60,
    "y": 0
  },
  "45": {
    "height": 60,
    "pixelRatio": 2,
    "width": 60,
    "x": 0,
    "y": 60
  },
  "90": {
    "height": 60,
    "pixelRatio": 2,
    "width": 60,
    "x": 60,
    "y": 60
  },
  "n135": {
    "height": 60,
    "pixelRatio": 2,
    "width": 60,
    "x": 120,
    "y": 0
  },
  "n45": {
    "height": 60,
    "pixelRatio": 2,
    "width": 60,
    "x": 180,
    "y": 0
  },
  "n90": {
    "height": 60,
    "pixelRatio": 2,
    "width": 60,
    "x": 120,
    "y": 60
  }
}